Temp,OP3,PL5,PI4,PI11
10,0.039453,0.039929,0.036356,0.033938
25,0.251764,0.414936,0.168907,0.196897
