Temp,OP3,PL5,PI4,PI11
10,0.031791,0.036958,0.033244,0.027775
25,0.217446,0.335324,0.116876,0.141007
