Temp,OP3,PL5,PI4,PI11
10,0.107768,0.034364,0.104121,0.119658
25,0.168683,0.62931,0.236422,0.27907
